URL,Last crawled
https://eridehero.com/products/emove-roadrunner-se/,2026-02-14
https://eridehero.com/fastest-electric-scooters/embed/,2026-02-03
https://eridehero.com/products/aventon-aventure-m/,2026-02-02
https://eridehero.com/products/vmax-vx2-extreme-st/,2026-02-02
https://eridehero.com/products/dualtron-spider-max/,2026-02-02
https://eridehero.com/products/rad-power-bikes-radwagon-4/,2026-02-02
https://eridehero.com/products/dualtron-victor-luxury-2/,2026-02-02
https://eridehero.com/products/roadrunner-rx7/,2026-02-02
https://eridehero.com/products/gotrax-g5/,2026-02-01
https://eridehero.com/go/vmax-vx5-pro-gt/,2026-02-01
https://eridehero.com/products/unagi-model-one-e500/,2026-02-01
https://eridehero.com/products/vmax-vx2-pro-gt/,2026-02-01
https://eridehero.com/products/fluidfreeride-horizon/,2026-01-31
https://eridehero.com/products/roadrunner-rs5-max/,2026-01-31
https://eridehero.com/products/lectric-xpedition2-dual/,2026-01-31
https://eridehero.com/products/gotrax-flex-ultra/,2026-01-30
https://eridehero.com/products/niu-bqi-c3-pro/,2026-01-30
https://eridehero.com/products/scott-silence-eride-evo-speed/,2026-01-30
https://eridehero.com/products/vmax-vx4-st/,2026-01-30
https://eridehero.com/products/wired-scout/,2026-01-30
https://eridehero.com/products/vvolt-centauri-ii/,2026-01-30
https://eridehero.com/products/navee-gt3-pro/,2026-01-30
https://eridehero.com/products/hover-1-journey-max/,2026-01-30
https://eridehero.com/products/niu-kqi-300p/,2026-01-30
https://eridehero.com/products/hiboy-s2/,2026-01-29
https://eridehero.com/products/niu-kqi3-max/,2026-01-28
https://eridehero.com/products/lectric-xp4-750-st/,2026-01-28
https://eridehero.com/how-much-do-hoverboards-weigh/embed/,2026-01-27
https://eridehero.com/products/segway-ninebot-max/,2026-01-27
https://eridehero.com/products/kaabo-king-gtr/,2026-01-27
https://eridehero.com/products/megawheels-a6l-eco/,2026-01-26
https://eridehero.com/products/inmotion-s1f/,2026-01-26
https://eridehero.com/products/navee-g5-pro/,2026-01-26
https://eridehero.com/products/kugoo-g3/,2026-01-26
https://eridehero.com/products/turboant-x7-max/,2026-01-21
https://eridehero.com/products/wired-warrior/,2026-01-20
https://eridehero.com/products/jasion-retrovolt-pro/,2026-01-19
https://eridehero.com/products/scott-silence-eride-20-men-speed/,2026-01-19
https://eridehero.com/products/scott-ransom-eride-920/,2026-01-12
https://eridehero.com/products/santa-cruz-heckler-sl-gx-axs-2026/,2026-01-12
https://eridehero.com/products/giant-trance-x-advanced-e-0-2022/,2026-01-11
https://eridehero.com/products/lectric-one/,2026-01-09
https://eridehero.com/products/wired-freedom/,2026-01-09
https://eridehero.com/author/rasmus-barslund/page/4/,2026-01-07
https://eridehero.com/products/giant-trance-x-advanced-e-elite-0-2024/,2026-01-06
https://eridehero.com/products/niu-kqi-air-x/,2026-01-06
https://eridehero.com/products/gotrax-eclipse/,2026-01-06
https://eridehero.com/products/niu-bqi-fat-tire-300-so/,2026-01-06
https://eridehero.com/products/jasion-hunter-pro/,2026-01-06
https://eridehero.com/products/niu-bqi-fat-tire-300-st/,2026-01-06
https://eridehero.com/products/gotrax-xr-elite-max/,2026-01-05
https://eridehero.com/products/santa-cruz-heckler-sl-x0-axs-rsv-2025/,2026-01-05
https://eridehero.com/products/giant-reign-e-2-2023/,2026-01-05
https://eridehero.com/products/megawheels-s10bk-7-5ah-2/,2026-01-05
https://eridehero.com/products/nami-burn-e-2/,2026-01-05
https://eridehero.com/products/mercane-jubel/,2026-01-05
https://eridehero.com/products/santa-cruz-heckler-sl-s-2025/,2026-01-05
https://eridehero.com/products/inokim-quick-4-super/,2026-01-04
https://eridehero.com/products/hiley-tiger-t10-pro-60v/,2026-01-04
https://eridehero.com/products/gotrax-gx2/,2026-01-04
https://eridehero.com/products/splach-titan/,2026-01-04
https://eridehero.com/products/segway-ninebot-d28u/,2026-01-04
https://eridehero.com/products/mukuta-10-plus-20-8ah/,2026-01-04
https://eridehero.com/products/giant-trance-x-advanced-e-elite-1-2024/,2026-01-04
https://eridehero.com/products/heybike-cityrun/,2026-01-04
https://eridehero.com/products/fluidfreeride-cityrider/,2026-01-04
https://eridehero.com/products/segway-ninebot-e2-pro/,2026-01-04
https://eridehero.com/products/segway-ninebot-f35/,2026-01-04
https://eridehero.com/products/gotrax-eclipse-ultra/,2026-01-04
https://eridehero.com/products/gotrax-g3-max/,2026-01-03
https://eridehero.com/products/gotrax-g3-plus/,2026-01-03
https://eridehero.com/products/gotrax-gx1/,2026-01-03
https://eridehero.com/products/segway-xafari/,2026-01-03
https://eridehero.com/products/circooter-mate/,2026-01-02
https://eridehero.com/products/maxfind-glider-g5/,2026-01-02
https://eridehero.com/products/segway-ninebot-f25/,2026-01-02
https://eridehero.com/products/hover-1-journey-2-0/,2026-01-02
https://eridehero.com/products/gotrax-xr-elite/,2026-01-02
https://eridehero.com/products/nami-stellar/,2025-12-30
https://eridehero.com/products/vmax-vx4-lt/,2025-12-30
https://eridehero.com/products/vmax-vx2-extreme-lt/,2025-12-29
https://eridehero.com/products/varla-falcon/,2025-12-28
https://eridehero.com/products/jasion-thunder/,2025-12-28
https://eridehero.com/products/splach-turbo/,2025-12-27
https://eridehero.com/products/santa-cruz-heckler-sl-r-2025/,2025-12-27
https://eridehero.com/products/jasion-retrovolt-yr20/,2025-12-27
https://eridehero.com/products/wired-predator/,2025-12-27
https://eridehero.com/products/navee-v25/,2025-12-27
https://eridehero.com/products/varla-wasp/,2025-12-27
https://eridehero.com/products/scott-voltage-eride-900-tuned/,2025-12-27
https://eridehero.com/products/gotrax-g6/,2025-12-27
https://eridehero.com/products/teewing-mars/,2025-12-22
https://eridehero.com/author/rasmus-barslund/page/3/,2025-12-19
https://eridehero.com/products/ride1up-vorsa-xr/,2025-12-12
https://eridehero.com/products/hooga-daytona/,2025-12-11
https://eridehero.com/products/rossignol-e-track-29-cues/,2025-12-10
https://eridehero.com/products/murf-alpha/,2025-12-09
https://eridehero.com/products/hiley-tiger-t10-pro-52v/,2025-12-08
https://eridehero.com/products/tenways-cargo-one/,2025-12-08
https://eridehero.com/products/rad-power-bikes-radrunner/,2025-12-07
https://eridehero.com/products/segway-ninebot-zing-c9/,2025-12-07
https://eridehero.com/products/segway-ninebot-zing-c8/,2025-12-06
https://eridehero.com/products/vmax-vx8/,2025-12-05
https://eridehero.com/products/circooter-landturbo-pro/,2025-12-05
https://eridehero.com/products/hiboy-s2-pro/,2025-12-05
https://eridehero.com/products/navee-xt5-pro/,2025-12-05
https://eridehero.com/products/hiley-tiger-tmax/,2025-12-05
https://eridehero.com/products/okai-neon-ultra-es40/,2025-12-04
https://eridehero.com/products/mokwheel-basalt/,2025-12-03
https://eridehero.com/products/okai-neon-pro-es30/,2025-12-03
https://eridehero.com/products/yume-hawk/,2025-12-03
https://eridehero.com/products/inmotion-climber/,2025-12-03
https://eridehero.com/electric-scooters/page/3/,2025-12-02
https://eridehero.com/electric-scooters/page/2/,2025-12-02
https://eridehero.com/electric-scooters/reviews/page/2/,2025-12-02
https://eridehero.com/products/gotrax-gx3/,2025-11-30
https://eridehero.com/products/rad-power-bikes-radrunner-plus/,2025-11-29
https://eridehero.com/products/segway-gt2/,2025-11-29
https://eridehero.com/products/navee-g5-max/,2025-11-28
https://eridehero.com/products/splach-twin/,2025-11-27
https://eridehero.com/apollo-,2025-11-27
https://eridehero.com/products/apollo-air/,2025-11-27
https://eridehero.com/products/lectric-xp4-750-so/,2025-11-26
https://eridehero.com/products/heybike-ranger-s-750w/,2025-11-26
https://eridehero.com/products/rad-power-bikes-radster-road/,2025-11-26
https://eridehero.com/products/velowave-pony/,2025-11-26
https://eridehero.com/products/rad-power-bikes-radrover-6-plus/,2025-11-25
https://eridehero.com/products/navee-n65/,2025-11-24
https://eridehero.com/products/velowave-brawny-xm/,2025-11-24
https://eridehero.com/products/velowave-forest-xm/,2025-11-24
https://eridehero.com/products/aventon-aventure-3/,2025-11-23
https://eridehero.com/products/velowave-ranger-2-0-st/,2025-11-23
https://eridehero.com/products/aventon-level-3-step-through/,2025-11-23
https://eridehero.com/products/murf-otis/,2025-11-23
https://eridehero.com/products/apollo-explore-2/,2025-11-22
https://eridehero.com/products/murf-higgs/,2025-11-22
https://eridehero.com/products/tenways-cgo600-pro/,2025-11-21
https://eridehero.com/products/gotrax-gxl-v2-2/,2025-11-21
https://eridehero.com/products/inmotion-rs-midnight-lite/,2025-11-21
https://eridehero.com/products/navee-n40/,2025-11-21
https://eridehero.com/products/inmotion-rs-lite/,2025-11-20
https://eridehero.com/products/varla-eagle-one-v2-0/,2025-11-20
https://eridehero.com/products/apollo-phantom-2-0-stellar/,2025-11-20
https://eridehero.com/products/vmax-vx2-hub-13ah/,2025-11-19
https://eridehero.com/products/giant-reign-e-3-2023/,2025-11-18
https://eridehero.com/products/navee-g5/,2025-11-18
https://eridehero.com/products/lectric-xpeak2-st/,2025-11-17
https://eridehero.com/products/heybike-alpha-so/,2025-11-17
https://eridehero.com/products/jasion-eb5-roamer-st/,2025-11-16
https://eridehero.com/products/gyroor-h40/,2025-11-16
https://eridehero.com/products/scott-voltage-eride-920/,2025-11-14
https://eridehero.com/products/gotrax-apex-pro/,2025-11-13
https://eridehero.com/products/ride1up-roadster-v3-chain/,2025-11-13
https://eridehero.com/products/ride1up-roadster-v3-low-step-belt/,2025-11-13
https://eridehero.com/products/yume-hawk-pro-30ah/,2025-11-13
https://eridehero.com/products/mercane-widewheel-pro-2020/,2025-11-13
https://eridehero.com/products/velowave-ranger-2-0/,2025-11-12
https://eridehero.com/products/ride1up-roadster-v3-belt/,2025-11-12
https://eridehero.com/products/murf-higgs-cargo/,2025-11-12
https://eridehero.com/products/ride1up-roadster-v3-low-step-chain/,2025-11-12
https://eridehero.com/products/rad-power-bikes-radkick-7-speed/,2025-11-11
https://eridehero.com/products/jasion-eb7-2-0/,2025-11-11
https://eridehero.com/products/heybike-mars-2-0-750w/,2025-11-11
https://eridehero.com/products/santa-cruz-heckler-sl-stout-2025/,2025-11-11
https://eridehero.com/products/lectric-xpedition2/,2025-11-11
https://eridehero.com/products/santa-cruz-heckler-sl-70-2026/,2025-11-11
https://eridehero.com/products/aventon-soltera-2-5/,2025-11-11
https://eridehero.com/products/giant-trance-x-advanced-e-elite-2-2024/,2025-11-11
https://eridehero.com/products/turboant-m10-lite/,2025-11-11
https://eridehero.com/products/santa-cruz-heckler-sl-90-2026/,2025-11-11
https://eridehero.com/products/giant-reign-e-2-2024/,2025-11-11
https://eridehero.com/products/rad-power-bikes-radrunner-max/,2025-11-09
https://eridehero.com/products/gyroor-h30max/,2025-11-09
https://eridehero.com/author/rasmus-barslund/page/2/,2025-11-09
https://eridehero.com/products/santa-cruz-heckler-sl-stout-2026/,2025-11-09
https://eridehero.com/products/giant-stormguard-e-1-2024/,2025-11-08
https://eridehero.com/products/scott-lumen-905/,2025-11-07
https://eridehero.com/products/atomi-alpha/,2025-11-06
https://eridehero.com/products/giant-stormguard-e-3-2024/,2025-11-06
https://eridehero.com/products/hiboy-s2r-plus/,2025-11-06
https://eridehero.com/products/kaabo-warrior-11-pro/,2025-11-05
https://eridehero.com/products/apollo-phantom-2-0/,2025-11-05
https://eridehero.com/products/navee-gt3-max/,2025-11-05
https://eridehero.com/products/hover-1-ace-r350/,2025-11-04
https://eridehero.com/products/scott-lumen-920/,2025-11-04
https://eridehero.com/products/giant-trance-x-advanced-e-elite-3-2024/,2025-11-04
https://eridehero.com/products/kaabo-urban/,2025-11-04
https://eridehero.com/products/kaabo-mantis-king-gt-2/,2025-11-04
https://eridehero.com/products/scott-voltage-eride-910/,2025-11-03
https://eridehero.com/products/jasion-eb5-roamer/,2025-11-03
https://eridehero.com/products/mokwheel-asphalt/,2025-11-03
https://eridehero.com/products/aventon-aventure-3-step-through/,2025-11-02
https://eridehero.com/products/inmotion-rs/,2025-11-02
https://eridehero.com/products/murf-gigi/,2025-11-01
https://eridehero.com/products/niu-kqi-youth/,2025-10-31
https://eridehero.com/products/vmax-vx2-gear/,2025-10-30
https://eridehero.com/products/niu-kqi-200p/,2025-10-30
https://eridehero.com/products/segway-ninebot-e3-pro/,2025-10-30
https://eridehero.com/products/e-twow-gt-se/,2025-10-30
https://eridehero.com/products/segway-ninebot-max-g30lp/,2025-10-29
https://eridehero.com/products/e-twow-booster-es/,2025-10-23
https://eridehero.com/products/mokwheel-basalt-2-0-st/,2025-10-21
https://eridehero.com/products/rad-power-bikes-radwagon-5/,2025-10-19
https://eridehero.com/products/lectric-xpedition2-dual-lr/,2025-10-18
https://eridehero.com/products/giant-talon-e-3-29er/,2025-10-16
https://eridehero.com/products/tenways-ago-t/,2025-10-11
https://eridehero.com/apollo-light-electric-scooter-review/,2025-09-27
https://eridehero.com/apollo-explore-electric-scooter-review/,2025-09-26
https://eridehero.com/products/lectric-xpress-st/,2025-09-19
https://eridehero.com/products/aventon-sinch-2-5/,2025-09-12
https://eridehero.com/products/lectric-xpress-750-st/,2025-09-12
https://eridehero.com/products/velowave-forest-sm/,2025-09-12
https://eridehero.com/products/aventon-level-3/,2025-09-12
https://eridehero.com/products/giant-explore-e-2-gts-2022/,2025-09-11
https://eridehero.com/products/mokwheel-obsidian-2-0/,2025-09-11
https://eridehero.com/products/lectric-xp4-so/,2025-09-11
https://eridehero.com/products/mokwheel-mesa-lite/,2025-09-11
https://eridehero.com/products/ride1up-prodigy-v2-xr-chain/,2025-09-11
https://eridehero.com/products/mokwheel-slate/,2025-09-11
https://eridehero.com/products/lectric-xpeak2-so/,2025-09-11
https://eridehero.com/products/velowave-ranger-3-0/,2025-09-11
https://eridehero.com/products/mokwheel-scoria/,2025-09-11
https://eridehero.com/products/mokwheel-basalt-st/,2025-09-11
https://eridehero.com/products/mokwheel-obsidian-st-2-0/,2025-09-11
https://eridehero.com/products/mokwheel-tor-plus/,2025-09-11
https://eridehero.com/products/ride1up-cf-racer1/,2025-09-11
https://eridehero.com/products/rad-power-bikes-radkick-belt/,2025-09-11
https://eridehero.com/products/mokwheel-basalt-2-0/,2025-09-11
https://eridehero.com/products/ride1up-prodigy-v2-xr-belt-cvt/,2025-09-11
https://eridehero.com/products/ride1up-prodigy-v2-st-chain/,2025-09-11
https://eridehero.com/products/heybike-mars-2-0-1000w/,2025-09-11
https://eridehero.com/products/mokwheel-mesa-lite-st/,2025-09-11
https://eridehero.com/products/lectric-xp4-st/,2025-09-11
https://eridehero.com/products/velowave-prado-s/,2025-09-11
https://eridehero.com/products/lectric-xpress-so/,2025-09-11
https://eridehero.com/products/velowave-ranger/,2025-09-10
https://eridehero.com/products/murf-alpha-cargo/,2025-09-10
https://eridehero.com/products/velowave-breeze-t/,2025-09-10
https://eridehero.com/products/murf-higgs-st/,2025-09-10
https://eridehero.com/products/heybike-horizon/,2025-09-10
https://eridehero.com/products/heybike-ranger-s-1000w/,2025-09-10
https://eridehero.com/products/tenways-ago-x/,2025-09-10
https://eridehero.com/products/tenways-cgo600-pro-c/,2025-09-10
https://eridehero.com/products/velowave-swift-m/,2025-09-10
https://eridehero.com/products/philodo-h8-60v/,2025-09-10
https://eridehero.com/products/lectric-xpress-750-so/,2025-09-10
https://eridehero.com/products/heybike-mars-3-0/,2025-09-10
https://eridehero.com/products/heybike-alpha-st/,2025-09-10
https://eridehero.com/products/velowave-ranger-3-0-st/,2025-09-10
https://eridehero.com/products/philodo-falcon-st/,2025-09-10
https://eridehero.com/products/velowave-grace-2-0/,2025-09-10
https://eridehero.com/products/philodo-hunter/,2025-09-10
https://eridehero.com/products/lectric-xpeak2-750-st/,2025-09-10
https://eridehero.com/products/philodo-falcon-so/,2025-09-10
https://eridehero.com/products/philodo-forester/,2025-09-09
https://eridehero.com/products/dualtron-aminia-long-body/,2025-09-09
https://eridehero.com/products/teewing-mars-xt/,2025-09-07
https://eridehero.com/products/segway-gt3-pro/,2025-09-06
https://eridehero.com/products/kaabo-warrior-x-max/,2025-09-05
https://eridehero.com/products/e-twow-tanktorq-tk5/,2025-09-04
https://eridehero.com/products/apollo-city-pro-2023/,2025-09-03
https://eridehero.com/products/circooter-cruiser-pro/,2025-09-02
https://eridehero.com/products/teewing-x3/,2025-08-31
https://eridehero.com/products/teewing-z4-pro/,2025-08-31
https://eridehero.com/products/teewing-x4/,2025-08-31
https://eridehero.com/products/ausom-f1-max/,2025-08-30
https://eridehero.com/electric-bikes/,2025-08-15
https://eridehero.com/go/segway-gt2/,2025-07-15
https://eridehero.com/apollo-explore-electric-scooter/,2025-04-25
https://eridehero.com/review/apollo-light-electric-scooter-review/,2025-04-15
https://eridehero.com/login-register,2024-07-29
https://eridehero.com/login-register/,2024-07-29